<?xml version="1.0" encoding="UTF-8"?>
<suite name = "CABS_MVP" verbose="1">

<test name="First User Story" >
<classes>
<class name = "com.albertsons.retail.br.CABS446"/>
</classes>
</test> 

<test name="Second User Story" >
<classes>
<class name = "com.albertsons.retail.br.CABS369"/>
</classes>
</test> 

<test name="Third User Story" >
<classes>
<class name = "com.albertsons.misc.br.CABS282"/>
</classes>
</test> 

<test name="Fourth User Story" >
<classes>
<class name = "com.albertsons.misc.br.CABS279"/>
</classes>
</test> 

<test name="Fifth User Story" >
<classes>
<class name = "com.albertsons.retail.br.CABS353"/>
</classes>
</test> 

<test name="Sixth User Story" >
<classes>
<class name = "com.albertsons.misc.br.CABS268"/>
</classes>
</test> 




</suite>
