<?xml version="1.0" encoding="UTF-8"?>
<suite name = "CABS_MVP" verbose="1">

<test name="First User Story" >
<classes>
<class name = "com.albertsons.flow.CABS202"/>
</classes>
</test> 

<test name="Second User Story" >
<classes>
<class name = "com.albertsons.flow.CABS223"/>
</classes>
</test> 

<test name="Third User Story" >
<classes>
<class name = "com.albertsons.flow.CABS274"/>
</classes>
</test> 

<test name="Fourth User Story" >
<classes>
<class name = "com.albertsons.flow.CABS278"/>
</classes>
</test> 


</suite>
