<?xml version="1.0" encoding="UTF-8"?>
<suite name = "CABS_MVP" verbose="1">

<test name="First User Story" >
<classes>
<class name = "com.cabs.flow.CABS194"/>
</classes>
</test> 

<test name="Second User Story" >
<classes>
<class name = "com.cabs.flow.CABS207"/>
</classes>
</test> 

<test name="Third User Story" >
<classes>
<class name = "com.cabs.flow.CABS198"/>
</classes>
</test> 

<test name="Fourth User Story" >
<classes>
<class name = "com.cabs.flow.CABS199"/>
</classes>
</test> 

<test name="Fifth User Story" >
<classes>
<class name = "com.cabs.flow.CABS195"/>
</classes>
</test> 

</suite>
